fbref_player,birth_year,season,league_code,fbref_team,transfermarkt_player_id,status,notes
Abdoul Coulibaly,2007.0,2526,L1,Werder Bremen,1084638.0,match,confirmed candidate 1
Adri Bosch,2001.0,2324,ES1,Granada,707276.0,match,confirmed candidate 1
Adrian Baquerin,2007.0,2425,ES1,Valladolid,1176519.0,match,confirmed candidate 1
Adrián,1987.0,2425,ES1,Real Betis,71271.0,match,confirmed candidate 1
Adrián,1987.0,2526,ES1,Real Betis,71271.0,match,confirmed candidate 1
Alejandro Asensio,2000.0,2122,ES1,Rayo Vallecano,,unmatched,correct player not among the 3 candidates
Alejandro Pozo Pozo,1999.0,2223,ES1,Almería,341272.0,match,confirmed candidate 1
Alejandro Pozo Pozo,1999.0,2324,ES1,Almería,341272.0,match,confirmed candidate 1
Alejandro Revuelta Montero,2000.0,2223,ES1,Getafe,631093.0,match,confirmed candidate 1
Alex Petxa,1997.0,2122,ES1,Athletic Club,527838.0,match,confirmed candidate 1
Alexander Legendre,2008.0,2526,FR1,Rennes,1227106.0,match,Elías Legendre Quiñónez
Alexandre Alemão,1998.0,2526,ES1,Rayo Vallecano,560417.0,match,confirmed candidate 1
Alfon,1999.0,2425,ES1,Celta Vigo,357628.0,match,confirmed candidate 1
Alfon,1999.0,2526,ES1,Villarreal,357628.0,match,confirmed candidate 1
Alou Kuol,2000.0,2223,L1,Stuttgart,748070.0,match,confirmed profile
Amankwaa Akurugu,2001.0,2122,ES1,Getafe,809639.0,match,Emmanuel Koffi
Amar Ahmed,2004.0,2223,FR1,Troyes,931841.0,match,confirmed candidate 1
Amath,1996.0,2223,ES1,Mallorca,339820.0,match,confirmed candidate 1
Amath,1996.0,2324,ES1,Mallorca,339820.0,match,confirmed candidate 1
Amath,1996.0,2425,ES1,Valladolid,339820.0,match,confirmed candidate 1
Amath,1996.0,2122,ES1,Mallorca,339820.0,match,confirmed candidate 1
Anderson Lima,1999.0,2122,IT1,Lazio,601577.0,match,confirmed candidate 1
Barcia,2000.0,2122,ES1,Granada,562058.0,match,confirmed candidate 1
Ben Alexander Voll,2000.0,2425,L1,St Pauli,453742.0,match,confirmed candidate 1
Benson Manuel,1997.0,2324,GB1,Burnley,322702.0,match,confirmed candidate 1
Boubakar Kouyaté,1997.0,2223,FR1,Montpellier,211637.0,match,confirmed candidate 1
Boubakar Kouyaté,1997.0,2324,FR1,Montpellier,211637.0,match,confirmed candidate 1
Boubakar Kouyaté,1997.0,2425,FR1,Montpellier,211637.0,match,confirmed candidate 1
Boubakar Kouyaté,1997.0,2122,FR1,Metz,211637.0,match,confirmed candidate 1
Brau,2001.0,2324,ES1,Granada,713649.0,match,confirmed candidate 1
Brugui,1996.0,2526,ES1,Levante,557057.0,match,confirmed candidate 1
Cala,1989.0,2223,ES1,Cádiz,67089.0,match,confirmed candidate 1
Cala,1989.0,2122,ES1,Cádiz,67089.0,match,confirmed candidate 1
Carlo,2001.0,2122,ES1,Villarreal,627287.0,match,confirmed candidate 1
Carlos Benavídez,1998.0,2324,ES1,Alavés,431190.0,match,confirmed candidate 1
Carlos Benavídez,1998.0,2425,ES1,Alavés,431190.0,match,Carlos Protesoni
Carlos Benavídez,1998.0,2526,ES1,Alavés,431190.0,match,Carlos Protesoni
Carmona,2002.0,2223,ES1,Elche,711625.0,match,confirmed candidate 1
Carmona,2002.0,2324,ES1,Getafe,711625.0,match,confirmed candidate 1
Carmona,2002.0,2425,ES1,Sevilla,711625.0,match,confirmed candidate 1
Carmona,2002.0,2526,ES1,Sevilla,711625.0,match,confirmed candidate 1
Carmona,2002.0,2122,ES1,Sevilla,711625.0,match,confirmed candidate 1
Catena,1994.0,2223,ES1,Rayo Vallecano,449796.0,match,confirmed candidate 1
Catena,1994.0,2324,ES1,Osasuna,449796.0,match,confirmed candidate 1
Catena,1994.0,2425,ES1,Osasuna,449796.0,match,confirmed candidate 1
Catena,1994.0,2526,ES1,Osasuna,449796.0,match,confirmed candidate 1
Catena,1994.0,2122,ES1,Rayo Vallecano,449796.0,match,confirmed candidate 1
Cheikh Faye,1999.0,2223,FR1,Montpellier,,unmatched,correct player not among the 3 candidates
Chema,1992.0,2122,ES1,Getafe,248330.0,match,confirmed candidate 1
Chema,2005.0,2425,ES1,Real Madrid,948279.0,match,confirmed candidate 1
Chema,2005.0,2526,L1,Stuttgart,948279.0,match,confirmed candidate 1
Cheveyo Muy,2006.0,2526,IT1,Milan,1032683.0,match,confirmed candidate 1
Chidozie Obi-Martin,2007.0,2425,GB1,Manchester Utd,1042886.0,match,confirmed candidate 1
Christ Mbondi,2004.0,2324,FR1,Reims,1069038.0,match,confirmed candidate 1
Chuky san jose,2004.0,2425,ES1,Valladolid,926763.0,match,confirmed candidate 1
Cucho,1999.0,2425,ES1,Real Betis,459463.0,match,confirmed candidate 1
Cucho,1999.0,2526,ES1,Real Betis,459463.0,match,confirmed candidate 1
Cucho,1999.0,2122,GB1,Watford,459463.0,match,confirmed candidate 1
Curro,1996.0,2223,ES1,Almería,208116.0,match,confirmed candidate 1
Dalbert Henrique,1993.0,2122,IT1,Cagliari,312862.0,match,confirmed candidate 1
Damián,2003.0,2526,ES1,Getafe,845638.0,match,confirmed candidate 1
Daniel Bandeira,2000.0,2324,IT1,Hellas Verona,372445.0,match,confirmed candidate 1
Daniel Bandeira,2000.0,2425,IT1,Hellas Verona,372445.0,match,confirmed candidate 1
Daniel Guerrero,2005.0,2526,ES1,Real Betis,895331.0,match,confirmed candidate 1
Danilo Santos,2001.0,2223,GB1,Nottingham,808509.0,match,confirmed candidate 1
Danilo Santos,2001.0,2324,GB1,Nottingham,808509.0,match,confirmed candidate 1
Danilo Santos,2001.0,2425,GB1,Nottingham,808509.0,match,confirmed candidate 1
Danny Blum,1991.0,2122,L1,Bochum,41541.0,match,confirmed profile
Danny Loader,2000.0,2526,FR1,Auxerre,392767.0,match,confirmed candidate 1
Darío Fuentes,2003.0,2425,ES1,Sevilla,711626.0,match,confirmed candidate 1
Diego,2000.0,2425,ES1,Leganés,852727.0,match,confirmed candidate 1
Diego Iturralde,2003.0,2223,ES1,Sevilla,767229.0,match,confirmed candidate 1
Diego Iturralde,2003.0,2324,ES1,Sevilla,767229.0,match,confirmed candidate 1
Diego Iturralde,2003.0,2425,ES1,Sevilla,767229.0,match,confirmed candidate 1
Djené,1991.0,2223,ES1,Getafe,221150.0,match,confirmed candidate 1
Djené,1991.0,2324,ES1,Getafe,221150.0,match,confirmed candidate 1
Djené,1991.0,2425,ES1,Getafe,221150.0,match,confirmed candidate 1
Djené,1991.0,2526,ES1,Getafe,221150.0,match,confirmed candidate 1
Djené,1991.0,2122,ES1,Getafe,221150.0,match,confirmed candidate 1
Douglas,1997.0,2324,FR1,Nantes,393621.0,match,confirmed candidate 1
Douglas,1997.0,2425,FR1,Nantes,393621.0,match,confirmed candidate 1
Dwight Gayle,1990.0,2122,GB1,Newcastle,196522.0,match,confirmed profile
Eloge Zabi,2006.0,2425,FR1,Reims,1363293.0,match,confirmed candidate 1
Emerson Palmieri,1994.0,2223,GB1,West Ham,181778.0,match,confirmed candidate 1
Emerson Palmieri,1994.0,2324,GB1,West Ham,181778.0,match,confirmed candidate 1
Emerson Palmieri,1994.0,2425,GB1,West Ham,181778.0,match,confirmed candidate 1
Emerson Palmieri,1994.0,2526,FR1,Marseille,181778.0,match,confirmed candidate 1
Emerson Palmieri,1994.0,2122,FR1,Lyon,181778.0,match,confirmed candidate 1
Emmanuel Koum Mbondo,2006.0,2425,FR1,Marseille,955449.0,match,confirmed candidate 1
Estanis,2003.0,2425,IT1,Bologna,913539.0,match,confirmed candidate 1
Estanis,2003.0,2122,ES1,Barcelona,913539.0,match,confirmed candidate 1
Estêvão Willian,2007.0,2526,GB1,Chelsea,1056993.0,match,confirmed candidate 1
Everton Pereira,2007.0,2526,FR1,Nice,1191473.0,match,confirmed candidate 1
Ezequiel Ávila,1994.0,2223,ES1,Osasuna,167721.0,match,confirmed candidate 1
Ezequiel Ávila,1994.0,2324,ES1,Osasuna,167721.0,match,confirmed candidate 1
Ezequiel Ávila,1994.0,2425,ES1,Real Betis,167721.0,match,confirmed candidate 1
Ezequiel Ávila,1994.0,2526,ES1,Real Betis,167721.0,match,confirmed candidate 1
Ezequiel Ávila,1994.0,2122,ES1,Osasuna,167721.0,match,confirmed candidate 1
Fabián Ruiz Peña,1996.0,2223,FR1,PSG,350219.0,match,confirmed candidate 1
Fabián Ruiz Peña,1996.0,2324,FR1,PSG,350219.0,match,confirmed candidate 1
Fabián Ruiz Peña,1996.0,2425,FR1,PSG,350219.0,match,confirmed candidate 1
Fabián Ruiz Peña,1996.0,2526,FR1,PSG,350219.0,match,confirmed candidate 1
Fernando,1990.0,2223,ES1,Almería,81997.0,match,confirmed candidate 1
Fernando,1990.0,2324,ES1,Almería,81997.0,match,confirmed candidate 1
Fernando Marçal,1989.0,2122,GB1,Wolves,137745.0,match,confirmed candidate 1
Fran,2005.0,2425,ES1,Real Madrid,1055220.0,match,confirmed candidate 1
Francis Abu,2001.0,2526,FR1,Toulouse,658533.0,match,confirmed candidate 1
Gabriel Magalhães,1997.0,2223,GB1,Arsenal,435338.0,match,Gabriel
Gabriel Magalhães,1997.0,2324,GB1,Arsenal,435338.0,match,Gabriel
Gabriel Magalhães,1997.0,2425,GB1,Arsenal,435338.0,match,Gabriel
Gabriel Magalhães,1997.0,2526,GB1,Arsenal,435338.0,match,Gabriel
Gabriel Magalhães,1997.0,2122,GB1,Arsenal,435338.0,match,confirmed candidate 1
Gleison Bremer,1997.0,2223,IT1,Juventus,516716.0,match,confirmed candidate 1
Gleison Bremer,1997.0,2324,IT1,Juventus,516716.0,match,confirmed candidate 1
Gleison Bremer,1997.0,2425,IT1,Juventus,516716.0,match,confirmed candidate 1
Gleison Bremer,1997.0,2526,IT1,Juventus,516716.0,match,confirmed candidate 1
Gleison Bremer,1997.0,2122,IT1,Torino,516716.0,match,confirmed candidate 1
Gori,2002.0,2122,ES1,Espanyol,705815.0,match,confirmed candidate 1
Hannibal Mejbri,2003.0,2324,GB1,Manchester Utd,607224.0,match,confirmed candidate 1
Hannibal Mejbri,2003.0,2122,GB1,Manchester Utd,607224.0,match,confirmed candidate 1
Hong Hyunseok,1999.0,2425,L1,Mainz 05,562948.0,match,confirmed candidate 1
Hong Hyunseok,1999.0,2526,FR1,Nantes,562948.0,match,confirmed candidate 1
Hugo García,2006.0,2526,ES1,Celta Vigo,1262787.0,match,confirmed candidate 1
Hwang Hee-chan,1996.0,2223,GB1,Wolves,292246.0,match,confirmed candidate 1
Hwang Hee-chan,1996.0,2324,GB1,Wolves,292246.0,match,confirmed candidate 1
Hwang Hee-chan,1996.0,2425,GB1,Wolves,292246.0,match,confirmed candidate 1
Hwang Hee-chan,1996.0,2526,GB1,Wolves,292246.0,match,confirmed candidate 1
Hwang Hee-chan,1996.0,2122,GB1,Wolves,292246.0,match,confirmed candidate 1
Hwang Ui-jo,1992.0,2122,FR1,Bordeaux,260166.0,match,confirmed candidate 1
Ifechukwu Ogbus,2005.0,2425,L1,Freiburg,863759.0,match,confirmed candidate 1
Ifechukwu Ogbus,2005.0,2526,L1,Freiburg,863759.0,match,confirmed candidate 1
Igor,1998.0,2223,IT1,Fiorentina,380350.0,match,confirmed candidate 1
Igor,1998.0,2324,GB1,Brighton,380350.0,match,confirmed candidate 1
Igor,1998.0,2425,GB1,Brighton,380350.0,match,confirmed candidate 1
Igor,1998.0,2526,GB1,West Ham,380350.0,match,confirmed candidate 1
Igor,1998.0,2122,IT1,Fiorentina,380350.0,match,confirmed candidate 1
Igor Carioca,1996.0,2223,FR1,Lorient,391720.0,match,confirmed candidate 1
Igor Carioca,1996.0,2324,FR1,Lorient,391720.0,match,confirmed candidate 1
Igor Carioca,1996.0,2526,FR1,Lorient,391720.0,match,Igor Silva
Igor Carioca,1996.0,2122,FR1,Lorient,391720.0,match,confirmed candidate 1
Imanol,2000.0,2324,ES1,Athletic Club,626954.0,match,confirmed candidate 1
Jailson Siqueira,1995.0,2324,ES1,Celta Vigo,366948.0,match,confirmed candidate 1
Jailson Siqueira,1995.0,2425,ES1,Celta Vigo,366948.0,match,confirmed candidate 1
Jason,1994.0,2122,ES1,Alavés,263860.0,match,Jason Remeseiro
Jeong Woo-yeong,1999.0,2223,L1,Freiburg,297583.0,match,confirmed candidate 1
Jeong Woo-yeong,1999.0,2324,L1,Stuttgart,297583.0,match,confirmed candidate 1
Jeong Woo-yeong,1999.0,2425,L1,Union Berlin,297583.0,match,confirmed candidate 1
Jeong Woo-yeong,1999.0,2526,L1,Union Berlin,297583.0,match,confirmed candidate 1
Jeong Woo-yeong,1999.0,2122,L1,Freiburg,297583.0,match,confirmed candidate 1
Jeremías Ledesma,1993.0,2223,ES1,Cádiz,284342.0,match,confirmed candidate 1
Jeremías Ledesma,1993.0,2324,ES1,Cádiz,284342.0,match,confirmed candidate 1
Jeremías Ledesma,1993.0,2122,ES1,Cádiz,284342.0,match,confirmed candidate 1
Joaquín Martínez Gauna,2003.0,2526,ES1,Sevilla,1032280.0,match,Oso
Jofre,2001.0,2425,ES1,Espanyol,628498.0,match,confirmed candidate 1
Jofre,2001.0,2526,ES1,Espanyol,628498.0,match,confirmed candidate 1
Jofre,2001.0,2122,ES1,Espanyol,628498.0,match,confirmed candidate 1
John,1996.0,2526,GB1,Nottingham,432914.0,match,confirmed candidate 1
John Joe,2003.0,2425,FR1,Reims,841121.0,match,confirmed candidate 1
Jonny Castro,1994.0,2223,GB1,Wolves,175446.0,match,confirmed candidate 1
Jonny Castro,1994.0,2324,GB1,Wolves,175446.0,match,confirmed candidate 1
Jonny Castro,1994.0,2122,GB1,Wolves,175446.0,match,confirmed candidate 1
Jordan Dongmo,2001.0,2223,FR1,Troyes,929612.0,match,confirmed candidate 1
Jordi,2001.0,2324,ES1,Getafe,537763.0,match,confirmed candidate 1
José Luis García Vayá,1998.0,2324,ES1,Valencia,328480.0,match,Pepelu
José Luis García Vayá,1998.0,2425,ES1,Valencia,328480.0,match,confirmed candidate 1
José Luis García Vayá,1998.0,2526,ES1,Valencia,328480.0,match,Pepelu
José Luis García Vayá,1998.0,2122,ES1,Levante,328480.0,match,Pepelu
José Ángel,1989.0,2122,ES1,Osasuna,87469.0,match,Cote
Joël Matip,1991.0,2223,GB1,Liverpool,82105.0,match,confirmed profile
Joël Matip,1991.0,2324,GB1,Liverpool,82105.0,match,confirmed profile
Joël Matip,1991.0,2122,GB1,Liverpool,82105.0,match,confirmed profile
Kasim Nuhu,1995.0,2324,L1,Hoffenheim,263801.0,match,confirmed candidate 1
Kasim Nuhu,1995.0,2122,L1,Hoffenheim,263801.0,match,confirmed candidate 1
Kayky Chagas,2003.0,2122,GB1,Manchester City,668265.0,match,confirmed candidate 1
Kialonda,1997.0,2425,IT1,Lecce,836441.0,match,confirmed candidate 1
Kialonda,1997.0,2526,IT1,Lecce,836441.0,match,confirmed candidate 1
Kiké,1989.0,2223,ES1,Osasuna,93936.0,match,confirmed candidate 1
Kiké,1989.0,2324,ES1,Alavés,93936.0,match,confirmed candidate 1
Kiké,1989.0,2425,ES1,Alavés,93936.0,match,confirmed candidate 1
Kiké,1989.0,2526,ES1,Espanyol,93936.0,match,confirmed candidate 1
Kiké,1989.0,2122,ES1,Osasuna,93936.0,match,confirmed candidate 1
Kim Jisoo,2004.0,2425,GB1,Brentford,709767.0,match,confirmed candidate 1
Kim Min-jae,1996.0,2223,IT1,Napoli,503482.0,match,confirmed candidate 1
Kim Minsu,2006.0,2425,ES1,Girona,1108203.0,match,confirmed candidate 1
Koka,1993.0,2425,FR1,Le Havre,184816.0,match,Ahmed Hassan
Kouamé Botué,2002.0,2223,FR1,Ajaccio,649457.0,match,confirmed candidate 1
Kwon Hyeokkyu,2001.0,2526,FR1,Nantes,550957.0,match,confirmed candidate 1
Lee Dongjun,1997.0,2122,L1,Hertha BSC,269601.0,match,confirmed candidate 1
Lee Kang-in,2001.0,2223,ES1,Mallorca,557149.0,match,confirmed candidate 1
Lee Kang-in,2001.0,2324,FR1,PSG,557149.0,match,confirmed candidate 1
Lee Kang-in,2001.0,2425,FR1,PSG,557149.0,match,confirmed candidate 1
Lee Kang-in,2001.0,2526,FR1,PSG,557149.0,match,confirmed candidate 1
Lee Kang-in,2001.0,2122,ES1,Mallorca,557149.0,match,confirmed candidate 1
Lucas,2001.0,2324,ES1,Cádiz,927768.0,match,confirmed candidate 1
Lucas,2001.0,2526,GB1,Burnley,927768.0,match,confirmed candidate 1
Marciano Tchami,2004.0,2324,ES1,Almería,1013774.0,match,confirmed candidate 1
Martín,1999.0,2122,ES1,Cádiz,278404.0,match,confirmed candidate 1
Mathias Jørgensen,1990.0,2223,GB1,Brentford,52059.0,match,confirmed candidate 1
Mathias Jørgensen,1990.0,2324,GB1,Brentford,52059.0,match,confirmed candidate 1
Mathias Jørgensen,1990.0,2122,GB1,Brentford,52059.0,match,Zanka
Max Kilman,1997.0,2223,GB1,Wolves,525247.0,match,confirmed candidate 1
Max Kilman,1997.0,2324,GB1,Wolves,525247.0,match,confirmed candidate 1
Max Kilman,1997.0,2122,GB1,Wolves,525247.0,match,confirmed candidate 1
Memphis,1994.0,2223,ES1,Atlético Madrid,167850.0,match,confirmed candidate 1
Memphis,1994.0,2324,ES1,Atlético Madrid,167850.0,match,confirmed candidate 1
Mezian Soares,2009.0,2526,FR1,Lens,1297674.0,match,confirmed candidate 1
Miguel,1999.0,2324,ES1,Alavés,480883.0,match,confirmed candidate 1
Miguel,1999.0,2425,ES1,Leganés,480883.0,match,confirmed candidate 1
Miguel,1999.0,2122,ES1,Alavés,480883.0,match,confirmed candidate 1
Mikayil Ngor Faye,2004.0,2425,FR1,Rennes,666974.0,match,confirmed candidate 1
Mircea Ţîrlea,2000.0,2122,ES1,Alavés,319253.0,match,confirmed candidate 1
Mohamed Haj,2005.0,2425,IT1,Parma,883122.0,match,confirmed candidate 1
Moises Parra Gutierrez,2002.0,2223,ES1,Getafe,963150.0,match,confirmed candidate 1
N'Guessan Kouadio,2003.0,2324,FR1,Metz,837329.0,match,confirmed candidate 1
Nacho,1990.0,2223,ES1,Real Madrid,58884.0,match,confirmed candidate 1
Nacho,1990.0,2324,ES1,Real Madrid,58884.0,match,confirmed candidate 1
Nacho,1990.0,2122,ES1,Real Madrid,58884.0,match,confirmed candidate 1
Nico Ribaudo,2001.0,2223,ES1,Espanyol,570421.0,match,confirmed candidate 1
Nico Ribaudo,2001.0,2122,ES1,Espanyol,570421.0,match,confirmed candidate 1
Nícolas Andrade,1988.0,2526,IT1,Pisa,99523.0,match,confirmed candidate 1
Oliver Jensen,2002.0,2526,IT1,Parma,514888.0,match,confirmed candidate 1
Oliver Nielsen,2003.0,2425,IT1,Lazio,644408.0,match,confirmed candidate 1
Oliver Nielsen,2003.0,2526,IT1,Lazio,644408.0,match,confirmed candidate 1
Pablo Cuñat,2002.0,2526,ES1,Levante,617059.0,match,confirmed candidate 1
Pape Mamadou Sy,1997.0,2526,FR1,Metz,568728.0,match,confirmed candidate 1
Pascu,2003.0,2223,ES1,Villarreal,669511.0,match,confirmed candidate 1
Pascu,2003.0,2324,ES1,Villarreal,669511.0,match,confirmed candidate 1
Pelly Ruddock Mpanzu,1993.0,2324,GB1,Luton Town,244338.0,match,confirmed profile
Pepín,1996.0,2223,IT1,Monza,355104.0,match,confirmed candidate 1
Pepín,1996.0,2324,IT1,Monza,355104.0,match,confirmed candidate 1
Peque,2002.0,2425,ES1,Sevilla,639733.0,match,confirmed candidate 1
Peque,2002.0,2526,ES1,Sevilla,639733.0,match,confirmed candidate 1
Peter González,2002.0,2324,ES1,Valencia,710004.0,match,confirmed candidate 1
Peter González,2002.0,2425,ES1,Getafe,710004.0,match,confirmed candidate 1
Peter González,2002.0,2122,ES1,Real Madrid,710004.0,match,confirmed candidate 1
Philippe Koffi,2002.0,2122,FR1,Reims,798927.0,match,confirmed candidate 1
Pica,2002.0,2425,ES1,Alavés,895458.0,match,confirmed candidate 1
Rafael Gonçalves,2005.0,2526,FR1,Strasbourg,637803.0,match,confirmed candidate 1
Rahim Bonkano,2002.0,2526,ES1,Oviedo,929899.0,match,confirmed candidate 1
Raúl,2000.0,2324,ES1,Osasuna,631002.0,match,confirmed candidate 1
Raúl,2000.0,2425,ES1,Osasuna,631002.0,match,confirmed candidate 1
Raúl,2000.0,2526,ES1,Osasuna,631002.0,match,confirmed candidate 1
Raúl,2000.0,2122,ES1,Real Betis,631002.0,match,confirmed candidate 1
Ricky-Jade Jones,2001.0,2526,L1,St Pauli,677935.0,match,confirmed profile
Rodri,2000.0,2223,ES1,Real Betis,630995.0,match,confirmed candidate 1
Rodri,2000.0,2324,ES1,Real Betis,630995.0,match,confirmed candidate 1
Rodri,2000.0,2425,ES1,Real Betis,630995.0,match,confirmed candidate 1
Rodri,2000.0,2122,ES1,Real Betis,630995.0,match,confirmed candidate 1
Ruben Lendinez,2003.0,2324,ES1,Valencia,668212.0,match,confirmed candidate 1
Ruben Lendinez,2003.0,2526,ES1,Valencia,668212.0,match,confirmed candidate 1
Ruben Lendinez,2003.0,2122,ES1,Valencia,668212.0,match,confirmed candidate 1
Rubén,2001.0,2223,ES1,Espanyol,705813.0,match,confirmed candidate 1
Rubén,2001.0,2526,ES1,Espanyol,705813.0,match,confirmed candidate 1
Rubén,2001.0,2122,ES1,Espanyol,705813.0,match,confirmed candidate 1
Salvi,1991.0,2223,ES1,Rayo Vallecano,246204.0,match,confirmed candidate 1
Salvi,1991.0,2324,ES1,Rayo Vallecano,246204.0,match,confirmed candidate 1
Salvi,1991.0,2122,ES1,Cádiz,246204.0,match,confirmed candidate 1
Samu Omorodion,2004.0,2324,ES1,Alavés,991268.0,match,confirmed candidate 1
Sergi,1992.0,2425,ES1,Leganés,308989.0,match,confirmed candidate 1
Silas Katompa,1998.0,2223,L1,Stuttgart,612826.0,match,confirmed candidate 1
Silas Katompa,1998.0,2324,L1,Stuttgart,612826.0,match,confirmed candidate 1
Silas Katompa,1998.0,2526,L1,Mainz 05,612826.0,match,confirmed candidate 1
Silas Katompa,1998.0,2122,L1,Stuttgart,612826.0,match,confirmed candidate 1
Simeon Nwankwo,1992.0,2324,IT1,Salernitana,194549.0,match,confirmed candidate 1
Simeon Nwankwo,1992.0,2122,IT1,Salernitana,194549.0,match,Simy
Simo,2005.0,2223,ES1,Espanyol,945496.0,match,confirmed candidate 1
Souleymane Touré,2003.0,2223,FR1,Auxerre,708678.0,match,confirmed candidate 1
Souleymane Touré,2003.0,2324,FR1,Lorient,708678.0,match,confirmed candidate 1
Souleymane Touré,2003.0,2425,IT1,Udinese,708678.0,match,confirmed candidate 1
Souleymane Touré,2003.0,2526,FR1,Lorient,708678.0,match,confirmed candidate 1
Sérigné Diop,2005.0,2425,FR1,Brest,1237907.0,match,confirmed candidate 1
Sérigné Diop,2005.0,2526,FR1,Brest,1237907.0,match,confirmed candidate 1
Tobias Kempe,1989.0,2324,L1,Darmstadt 98,42072.0,match,confirmed profile
Tosin Aiyegun,1998.0,2324,FR1,Lorient,239647.0,match,Aiyegun Tosin
Tosin Aiyegun,1998.0,2526,FR1,Lorient,239647.0,match,confirmed candidate 1
Toti Gomes,1999.0,2223,GB1,Wolves,606718.0,match,confirmed candidate 1
Toti Gomes,1999.0,2324,GB1,Wolves,606718.0,match,confirmed candidate 1
Toti Gomes,1999.0,2425,GB1,Wolves,606718.0,match,confirmed candidate 1
Toti Gomes,1999.0,2526,GB1,Wolves,606718.0,match,confirmed candidate 1
Toti Gomes,1999.0,2122,GB1,Wolves,606718.0,match,Toti
Ugo Lamare,2007.0,2526,FR1,Marseille,1318474.0,match,confirmed candidate 1
Vagner Gonçalves,1996.0,2122,FR1,Metz,353211.0,match,Vágner Dias
Valentino Scotta,2001.0,2122,ES1,Sevilla,537373.0,match,confirmed candidate 1
Viti,1997.0,2425,ES1,Las Palmas,438971.0,match,confirmed candidate 1
Wu Lei,1991.0,2122,ES1,Espanyol,140436.0,match,confirmed candidate 1
Xabier Huarte Armendáriz,2001.0,2324,ES1,Osasuna,634125.0,match,confirmed candidate 1
Xeber,1997.0,2324,ES1,Alavés,572271.0,match,confirmed candidate 1
Youssef Lekhedim,2005.0,2526,ES1,Alavés,741289.0,match,confirmed candidate 1
Zé Pedro Figueiredo,1997.0,2526,IT1,Cagliari,406151.0,match,confirmed candidate 1
Álex Centelles,1997.0,2223,ES1,Almería,423443.0,match,Álex Centelles
Álex Centelles,1997.0,2324,ES1,Almería,423443.0,match,Álex Centelles
Álvaro Leiva,2002.0,2526,ES1,Real Madrid,875306.0,match,confirmed profile
Óscar Gil,1997.0,2223,ES1,Espanyol,544106.0,match,confirmed profile
Óscar Gil,1997.0,2122,ES1,Espanyol,544106.0,match,confirmed profile
Luis Orejuela,,2526,ES1,Mallorca,1487239.0,match,confirmed candidate 1
Olabade Aluko,,2425,GB1,Leicester City,1135364.0,match,confirmed candidate 1
Vitinha,2000.0,2223,FR1,Marseille,586853.0,match,confirmed candidate 1
Vitinha,2000.0,2223,FR1,PSG,487469.0,match,confirmed candidate 1
Vitinha,2000.0,2324,FR1,Marseille,586853.0,match,confirmed candidate 1
Vitinha,2000.0,2324,FR1,PSG,487469.0,match,confirmed candidate 1
Yael Trepy,,2526,IT1,Cagliari,1099924.0,match,confirmed candidate 1
